Kamil 085596834 kamil@email.com 0
Belize 083345232 belize@email.com 0
Dode 085344453 dode@email.com 0
Ted 088343432 ted@email.com 0
Anita 083929932 anita@email.com 0
Zed 089345534 zed@email.com 0
Bob 089345534 bob@email.com 0
Hackim 084382432 hackim@email.com 0
Bella 089939232 bella@email.com 0
Tarcil 084859334 tarcil@email.com 0